"","exposure","outcome","id.exposure","id.outcome","samplesize","SNP","b","se","p"
"1","sjd_eas_droprs13079920.txt","Systemic lupus erythematosus || id:ebi-a-GCST90011866","v5WGpd","ebi-a-GCST90011866",12653,"rs10168266",1.12548402600577,0.080626779640764,2.76583621237627e-44
"2","sjd_eas_droprs13079920.txt","Systemic lupus erythematosus || id:ebi-a-GCST90011866","v5WGpd","ebi-a-GCST90011866",12653,"rs4282438",0.18210641714441,0.0640542379631599,0.00446905918524843
"3","sjd_eas_droprs13079920.txt","Systemic lupus erythematosus || id:ebi-a-GCST90011866","v5WGpd","ebi-a-GCST90011866",12653,"rs4917014",0.818863530234467,0.0995421466121453,1.9308555066682e-16
"4","sjd_eas_droprs13079920.txt","Systemic lupus erythematosus || id:ebi-a-GCST90011866","v5WGpd","ebi-a-GCST90011866",12653,"rs9271588",0.484950766236265,0.0530136934476914,5.8184922156931e-20
"5","sjd_eas_droprs13079920.txt","Systemic lupus erythematosus || id:ebi-a-GCST90011866","v5WGpd","ebi-a-GCST90011866",12653,"All - Inverse variance weighted",0.553335888021023,0.190209998892018,0.00362495401651746
"6","sjd_eas_droprs13079920.txt","Systemic lupus erythematosus || id:ebi-a-GCST90011866","v5WGpd","ebi-a-GCST90011866",12653,"All - MR Egger",-0.455338992022541,0.889358574357292,0.659592426252665
